n_cluster,SIMDEUM_1,SIMDEUM_2,SIMDEUM_3,SIMDEUM_4,SIMDEUM_5,SIMDEUM_6,SIMDEUM_7,SIMDEUM_8,SIMDEUM_9,SIMDEUM_10,SIMDEUM_11,SIMDEUM_12,SIMDEUM_13,SIMDEUM_14,SIMDEUM_15,SIMDEUM_16,SIMDEUM_17,SIMDEUM_18,SIMDEUM_19,SIMDEUM_20,SIMDEUM_21,SIMDEUM_22,SIMDEUM_23,SIMDEUM_24,SIMDEUM_25,SIMDEUM_26,SIMDEUM_27,SIMDEUM_28,SIMDEUM_29,SIMDEUM_30,SIMDEUM_31,SIMDEUM_32,SIMDEUM_33,SIMDEUM_34,SIMDEUM_35,SIMDEUM_36,SIMDEUM_37,SIMDEUM_38,SIMDEUM_39,SIMDEUM_40,SIMDEUM_41,SIMDEUM_42,SIMDEUM_43,SIMDEUM_44,SIMDEUM_45,SIMDEUM_46,SIMDEUM_47,SIMDEUM_48,SIMDEUM_49,SIMDEUM_50,SIMDEUM_51,SIMDEUM_52,SIMDEUM_53,SIMDEUM_54,SIMDEUM_55,SIMDEUM_56,SIMDEUM_57,SIMDEUM_58,SIMDEUM_59,SIMDEUM_60,SIMDEUM_61,SIMDEUM_62,SIMDEUM_63,SIMDEUM_64,SIMDEUM_65,SIMDEUM_66,SIMDEUM_67,SIMDEUM_68,SIMDEUM_69,SIMDEUM_70,SIMDEUM_71,SIMDEUM_72,SIMDEUM_73,SIMDEUM_74,SIMDEUM_75,SIMDEUM_76,SIMDEUM_77,SIMDEUM_78,SIMDEUM_79,SIMDEUM_80,SIMDEUM_81,SIMDEUM_82,SIMDEUM_83,SIMDEUM_84,SIMDEUM_85,SIMDEUM_86,SIMDEUM_87,SIMDEUM_88,SIMDEUM_89,SIMDEUM_90,SIMDEUM_91,SIMDEUM_92,SIMDEUM_93,SIMDEUM_94,SIMDEUM_95,SIMDEUM_96,SIMDEUM_97,SIMDEUM_98,SIMDEUM_99,SIMDEUM_100,SIMDEUM_101,SIMDEUM_102,SIMDEUM_103,SIMDEUM_104,SIMDEUM_105,SIMDEUM_106,SIMDEUM_107,SIMDEUM_108,SIMDEUM_109,SIMDEUM_110,SIMDEUM_111,SIMDEUM_112,SIMDEUM_113,SIMDEUM_114,SIMDEUM_115,SIMDEUM_116,SIMDEUM_117,SIMDEUM_118,SIMDEUM_119,SIMDEUM_120,SIMDEUM_121,SIMDEUM_122,SIMDEUM_123,SIMDEUM_124,SIMDEUM_125,SIMDEUM_126,SIMDEUM_127,SIMDEUM_128,SIMDEUM_129,SIMDEUM_130,SIMDEUM_131,SIMDEUM_132,SIMDEUM_133,SIMDEUM_134,SIMDEUM_135,SIMDEUM_136,SIMDEUM_137,SIMDEUM_138,SIMDEUM_139,SIMDEUM_140,SIMDEUM_141,SIMDEUM_142,SIMDEUM_143,SIMDEUM_144,SIMDEUM_145,SIMDEUM_146,SIMDEUM_147,SIMDEUM_148,SIMDEUM_149,SIMDEUM_150,SIMDEUM_151,SIMDEUM_152,SIMDEUM_153,SIMDEUM_154,SIMDEUM_155,SIMDEUM_156,SIMDEUM_157,SIMDEUM_158,SIMDEUM_159,SIMDEUM_160,SIMDEUM_161,SIMDEUM_162,SIMDEUM_163,SIMDEUM_164,SIMDEUM_165,SIMDEUM_166,SIMDEUM_167,SIMDEUM_168,SIMDEUM_169,SIMDEUM_170,SIMDEUM_171,SIMDEUM_172,SIMDEUM_173,SIMDEUM_174,SIMDEUM_175,SIMDEUM_176,SIMDEUM_177,SIMDEUM_178,SIMDEUM_179,SIMDEUM_180,SIMDEUM_181,SIMDEUM_182,SIMDEUM_183,SIMDEUM_184,SIMDEUM_185,SIMDEUM_186,SIMDEUM_187,SIMDEUM_188,SIMDEUM_189,SIMDEUM_190,SIMDEUM_191,SIMDEUM_192,SIMDEUM_193,SIMDEUM_194,SIMDEUM_195,SIMDEUM_196,SIMDEUM_197,SIMDEUM_198,SIMDEUM_199,SIMDEUM_200,SIMDEUM_201,SIMDEUM_202,SIMDEUM_203,SIMDEUM_204,SIMDEUM_205,SIMDEUM_206,SIMDEUM_207,SIMDEUM_208,SIMDEUM_209,SIMDEUM_210,SIMDEUM_211,SIMDEUM_212,SIMDEUM_213,SIMDEUM_214,SIMDEUM_215,SIMDEUM_216,SIMDEUM_217,SIMDEUM_218,SIMDEUM_219,SIMDEUM_220,SIMDEUM_221,SIMDEUM_222,SIMDEUM_223,SIMDEUM_224,SIMDEUM_225,SIMDEUM_226,SIMDEUM_227,SIMDEUM_228,SIMDEUM_229,SIMDEUM_230,SIMDEUM_231,SIMDEUM_232,SIMDEUM_233,SIMDEUM_234,SIMDEUM_235,SIMDEUM_236,SIMDEUM_237,SIMDEUM_238,SIMDEUM_239,SIMDEUM_240,SIMDEUM_241,SIMDEUM_242,SIMDEUM_243,SIMDEUM_244,SIMDEUM_245,SIMDEUM_246,SIMDEUM_247,SIMDEUM_248,SIMDEUM_249,SIMDEUM_250,SIMDEUM_251,SIMDEUM_252,SIMDEUM_253,SIMDEUM_254,SIMDEUM_255,SIMDEUM_256,SIMDEUM_257,SIMDEUM_258,SIMDEUM_259,SIMDEUM_260,SIMDEUM_261,SIMDEUM_262,SIMDEUM_263,SIMDEUM_264,SIMDEUM_265,SIMDEUM_266,SIMDEUM_267,SIMDEUM_268,SIMDEUM_269,SIMDEUM_270,SIMDEUM_271,SIMDEUM_272,SIMDEUM_273,SIMDEUM_274,SIMDEUM_275,SIMDEUM_276,SIMDEUM_277,SIMDEUM_278,SIMDEUM_279,SIMDEUM_280,SIMDEUM_281,SIMDEUM_282,SIMDEUM_283,SIMDEUM_284,SIMDEUM_285,SIMDEUM_286,SIMDEUM_287,SIMDEUM_288,SIMDEUM_289,SIMDEUM_290,SIMDEUM_291,SIMDEUM_292,SIMDEUM_293,SIMDEUM_294,SIMDEUM_295,SIMDEUM_296,SIMDEUM_297,SIMDEUM_298,SIMDEUM_299,SIMDEUM_300,SIMDEUM_301,SIMDEUM_302,SIMDEUM_303,SIMDEUM_304,SIMDEUM_305,SIMDEUM_306,SIMDEUM_307,SIMDEUM_308,SIMDEUM_309,SIMDEUM_310,SIMDEUM_311,SIMDEUM_312,SIMDEUM_313,SIMDEUM_314,SIMDEUM_315,SIMDEUM_316,SIMDEUM_317,SIMDEUM_318,SIMDEUM_319,SIMDEUM_320,SIMDEUM_321,SIMDEUM_322,SIMDEUM_323,SIMDEUM_324,SIMDEUM_325,SIMDEUM_326,SIMDEUM_327,SIMDEUM_328,SIMDEUM_329,SIMDEUM_330,SIMDEUM_331,SIMDEUM_332,SIMDEUM_333,SIMDEUM_334,SIMDEUM_335,SIMDEUM_336,SIMDEUM_337,SIMDEUM_338,SIMDEUM_339,SIMDEUM_340,SIMDEUM_341,SIMDEUM_342,SIMDEUM_343,SIMDEUM_344,SIMDEUM_345,SIMDEUM_346,SIMDEUM_347,SIMDEUM_348,SIMDEUM_349,SIMDEUM_350,SIMDEUM_351,SIMDEUM_352,SIMDEUM_353,SIMDEUM_354,SIMDEUM_355,SIMDEUM_356,SIMDEUM_357,SIMDEUM_358,SIMDEUM_359,SIMDEUM_360,SIMDEUM_361,SIMDEUM_362,SIMDEUM_363,SIMDEUM_364,SIMDEUM_365,SIMDEUM_366,SIMDEUM_367,SIMDEUM_368,SIMDEUM_369,SIMDEUM_370,SIMDEUM_371,SIMDEUM_372,SIMDEUM_373,SIMDEUM_374,SIMDEUM_375,SIMDEUM_376,SIMDEUM_377,SIMDEUM_378,SIMDEUM_379,SIMDEUM_380,SIMDEUM_381,SIMDEUM_382,SIMDEUM_383,SIMDEUM_384,SIMDEUM_385,SIMDEUM_386,SIMDEUM_387,SIMDEUM_388,SIMDEUM_389,SIMDEUM_390,SIMDEUM_391,SIMDEUM_392,SIMDEUM_393,SIMDEUM_394,SIMDEUM_395,SIMDEUM_396,SIMDEUM_397,SIMDEUM_398,SIMDEUM_399,SIMDEUM_400,SIMDEUM_401,SIMDEUM_402,SIMDEUM_403,SIMDEUM_404,SIMDEUM_405,SIMDEUM_406,SIMDEUM_407,SIMDEUM_408,SIMDEUM_409,SIMDEUM_410,SIMDEUM_411,SIMDEUM_412,SIMDEUM_413,SIMDEUM_414,SIMDEUM_415,SIMDEUM_416,SIMDEUM_417,SIMDEUM_418,SIMDEUM_419,SIMDEUM_420,SIMDEUM_421,SIMDEUM_422,SIMDEUM_423,SIMDEUM_424,SIMDEUM_425,SIMDEUM_426,SIMDEUM_427,SIMDEUM_428,SIMDEUM_429,SIMDEUM_430,SIMDEUM_431,SIMDEUM_432,SIMDEUM_433,SIMDEUM_434,SIMDEUM_435,SIMDEUM_436,SIMDEUM_437,SIMDEUM_438,SIMDEUM_439,SIMDEUM_440,SIMDEUM_441,SIMDEUM_442,SIMDEUM_443,SIMDEUM_444,SIMDEUM_445,SIMDEUM_446,SIMDEUM_447,SIMDEUM_448,SIMDEUM_449,SIMDEUM_450,SIMDEUM_451,SIMDEUM_452,SIMDEUM_453,SIMDEUM_454,SIMDEUM_455,SIMDEUM_456,SIMDEUM_457,SIMDEUM_458,SIMDEUM_459,SIMDEUM_460,SIMDEUM_461,SIMDEUM_462,SIMDEUM_463,SIMDEUM_464,SIMDEUM_465,SIMDEUM_466,SIMDEUM_467,SIMDEUM_468,SIMDEUM_469,SIMDEUM_470,SIMDEUM_471,SIMDEUM_472,SIMDEUM_473,SIMDEUM_474,SIMDEUM_475,SIMDEUM_476,SIMDEUM_477,SIMDEUM_478,SIMDEUM_479,SIMDEUM_480,SIMDEUM_481,SIMDEUM_482,SIMDEUM_483,SIMDEUM_484,SIMDEUM_485,SIMDEUM_486,SIMDEUM_487,SIMDEUM_488,SIMDEUM_489,SIMDEUM_490,SIMDEUM_491,SIMDEUM_492,SIMDEUM_493,SIMDEUM_494,SIMDEUM_495,SIMDEUM_496,SIMDEUM_497,SIMDEUM_498,SIMDEUM_499,SIMDEUM_500,SIMDEUM_501,SIMDEUM_502,SIMDEUM_503,SIMDEUM_504,SIMDEUM_505,SIMDEUM_506,SIMDEUM_507,SIMDEUM_508,SIMDEUM_509,SIMDEUM_510,SIMDEUM_511,SIMDEUM_512,SIMDEUM_513,SIMDEUM_514,SIMDEUM_515,SIMDEUM_516,SIMDEUM_517,SIMDEUM_518,SIMDEUM_519,SIMDEUM_520,SIMDEUM_521,SIMDEUM_522,SIMDEUM_523,SIMDEUM_524,SIMDEUM_525,SIMDEUM_526,SIMDEUM_527,SIMDEUM_528,SIMDEUM_529,SIMDEUM_530,SIMDEUM_531,SIMDEUM_532,SIMDEUM_533,SIMDEUM_534,SIMDEUM_535,SIMDEUM_536,SIMDEUM_537,SIMDEUM_538,SIMDEUM_539,SIMDEUM_540,SIMDEUM_541,SIMDEUM_542,SIMDEUM_543,SIMDEUM_544,SIMDEUM_545,SIMDEUM_546,SIMDEUM_547,SIMDEUM_548,SIMDEUM_549,SIMDEUM_550,SIMDEUM_551,SIMDEUM_552,SIMDEUM_553,SIMDEUM_554,SIMDEUM_555,SIMDEUM_556,SIMDEUM_557,SIMDEUM_558,SIMDEUM_559,SIMDEUM_560,SIMDEUM_561,SIMDEUM_562,SIMDEUM_563,SIMDEUM_564,SIMDEUM_565,SIMDEUM_566,SIMDEUM_567,SIMDEUM_568,SIMDEUM_569,SIMDEUM_570,SIMDEUM_571,SIMDEUM_572,SIMDEUM_573,SIMDEUM_574,SIMDEUM_575,SIMDEUM_576,SIMDEUM_577,SIMDEUM_578,SIMDEUM_579,SIMDEUM_580,SIMDEUM_581,SIMDEUM_582,SIMDEUM_583,SIMDEUM_584,SIMDEUM_585,SIMDEUM_586,SIMDEUM_587,SIMDEUM_588,SIMDEUM_589,SIMDEUM_590,SIMDEUM_591,SIMDEUM_592,SIMDEUM_593,SIMDEUM_594,SIMDEUM_595,SIMDEUM_596,SIMDEUM_597,SIMDEUM_598,SIMDEUM_599,SIMDEUM_600,SIMDEUM_601,SIMDEUM_602,SIMDEUM_603,SIMDEUM_604,SIMDEUM_605,SIMDEUM_606,SIMDEUM_607,SIMDEUM_608,SIMDEUM_609,SIMDEUM_610,SIMDEUM_611,SIMDEUM_612,SIMDEUM_613,SIMDEUM_614,SIMDEUM_615,SIMDEUM_616,SIMDEUM_617,SIMDEUM_618,SIMDEUM_619,SIMDEUM_620,SIMDEUM_621,SIMDEUM_622,SIMDEUM_623,SIMDEUM_624,SIMDEUM_625,SIMDEUM_626,SIMDEUM_627,SIMDEUM_628,SIMDEUM_629,SIMDEUM_630,SIMDEUM_631,SIMDEUM_632,SIMDEUM_633,SIMDEUM_634,SIMDEUM_635,SIMDEUM_636,SIMDEUM_637,SIMDEUM_638,SIMDEUM_639,SIMDEUM_640,SIMDEUM_641,SIMDEUM_642,SIMDEUM_643,SIMDEUM_644,SIMDEUM_645,SIMDEUM_646,SIMDEUM_647,SIMDEUM_648,SIMDEUM_649,SIMDEUM_650,SIMDEUM_651,SIMDEUM_652,SIMDEUM_653,SIMDEUM_654,SIMDEUM_655,SIMDEUM_656,SIMDEUM_657,SIMDEUM_658,SIMDEUM_659,SIMDEUM_660,SIMDEUM_661,SIMDEUM_662,SIMDEUM_663,SIMDEUM_664,SIMDEUM_665,SIMDEUM_666,SIMDEUM_667,SIMDEUM_668,SIMDEUM_669,SIMDEUM_670,SIMDEUM_671,SIMDEUM_672,SIMDEUM_673,SIMDEUM_674,SIMDEUM_675,SIMDEUM_676,SIMDEUM_677,SIMDEUM_678,SIMDEUM_679,SIMDEUM_680,SIMDEUM_681,SIMDEUM_682,SIMDEUM_683,SIMDEUM_684,SIMDEUM_685,SIMDEUM_686,SIMDEUM_687,SIMDEUM_688,SIMDEUM_689,SIMDEUM_690,SIMDEUM_691,SIMDEUM_692,SIMDEUM_693,SIMDEUM_694,SIMDEUM_695,SIMDEUM_696,SIMDEUM_697,SIMDEUM_698,SIMDEUM_699,SIMDEUM_700,SIMDEUM_701,SIMDEUM_702,SIMDEUM_703,SIMDEUM_704,SIMDEUM_705,SIMDEUM_706,SIMDEUM_707,SIMDEUM_708,SIMDEUM_709,SIMDEUM_710,SIMDEUM_711,SIMDEUM_712,SIMDEUM_713,SIMDEUM_714,SIMDEUM_715,SIMDEUM_716,SIMDEUM_717,SIMDEUM_718,SIMDEUM_719,SIMDEUM_720,SIMDEUM_721,SIMDEUM_722,SIMDEUM_723,SIMDEUM_724,SIMDEUM_725,SIMDEUM_726,SIMDEUM_727,SIMDEUM_728,SIMDEUM_729,SIMDEUM_730,SIMDEUM_731,SIMDEUM_732,SIMDEUM_733,SIMDEUM_734,SIMDEUM_735,SIMDEUM_736,SIMDEUM_737,SIMDEUM_738,SIMDEUM_739,SIMDEUM_740,SIMDEUM_741,SIMDEUM_742,SIMDEUM_743,SIMDEUM_744,SIMDEUM_745,SIMDEUM_746,SIMDEUM_747,SIMDEUM_748,SIMDEUM_749,SIMDEUM_750,SIMDEUM_751,SIMDEUM_752,SIMDEUM_753,SIMDEUM_754,SIMDEUM_755,SIMDEUM_756,SIMDEUM_757,SIMDEUM_758,SIMDEUM_759,SIMDEUM_760,SIMDEUM_761,SIMDEUM_762,SIMDEUM_763,SIMDEUM_764,SIMDEUM_765,SIMDEUM_766,SIMDEUM_767,SIMDEUM_768,SIMDEUM_769,SIMDEUM_770,SIMDEUM_771,SIMDEUM_772,SIMDEUM_773,SIMDEUM_774,SIMDEUM_775,SIMDEUM_776,SIMDEUM_777,SIMDEUM_778,SIMDEUM_779,SIMDEUM_780,SIMDEUM_781,SIMDEUM_782,SIMDEUM_783,SIMDEUM_784,SIMDEUM_785,SIMDEUM_786,SIMDEUM_787,SIMDEUM_788,SIMDEUM_789,SIMDEUM_790,SIMDEUM_791,SIMDEUM_792,SIMDEUM_793,SIMDEUM_794,SIMDEUM_795,SIMDEUM_796,SIMDEUM_797,SIMDEUM_798,SIMDEUM_799,SIMDEUM_800,SIMDEUM_801,SIMDEUM_802,SIMDEUM_803,SIMDEUM_804,SIMDEUM_805,SIMDEUM_806,SIMDEUM_807,SIMDEUM_808,SIMDEUM_809,SIMDEUM_810,SIMDEUM_811,SIMDEUM_812,SIMDEUM_813,SIMDEUM_814,SIMDEUM_815,SIMDEUM_816,SIMDEUM_817,SIMDEUM_818,SIMDEUM_819,SIMDEUM_820,SIMDEUM_821,SIMDEUM_822,SIMDEUM_823,SIMDEUM_824,SIMDEUM_825,SIMDEUM_826,SIMDEUM_827,SIMDEUM_828,SIMDEUM_829,SIMDEUM_830,SIMDEUM_831,SIMDEUM_832,SIMDEUM_833,SIMDEUM_834,SIMDEUM_835,SIMDEUM_836,SIMDEUM_837,SIMDEUM_838,SIMDEUM_839,SIMDEUM_840,SIMDEUM_841,SIMDEUM_842,SIMDEUM_843,SIMDEUM_844,SIMDEUM_845,SIMDEUM_846,SIMDEUM_847,SIMDEUM_848,SIMDEUM_849,SIMDEUM_850,SIMDEUM_851,SIMDEUM_852,SIMDEUM_853,SIMDEUM_854,SIMDEUM_855,SIMDEUM_856,SIMDEUM_857,SIMDEUM_858,SIMDEUM_859,SIMDEUM_860,SIMDEUM_861,SIMDEUM_862,SIMDEUM_863,SIMDEUM_864,SIMDEUM_865,SIMDEUM_866,SIMDEUM_867,SIMDEUM_868,SIMDEUM_869,SIMDEUM_870,SIMDEUM_871,SIMDEUM_872,SIMDEUM_873,SIMDEUM_874,SIMDEUM_875,SIMDEUM_876,SIMDEUM_877,SIMDEUM_878,SIMDEUM_879,SIMDEUM_880,SIMDEUM_881,SIMDEUM_882,SIMDEUM_883,SIMDEUM_884,SIMDEUM_885,SIMDEUM_886,SIMDEUM_887,SIMDEUM_888,SIMDEUM_889,SIMDEUM_890,SIMDEUM_891,SIMDEUM_892,SIMDEUM_893,SIMDEUM_894,SIMDEUM_895,SIMDEUM_896,SIMDEUM_897,SIMDEUM_898,SIMDEUM_899,SIMDEUM_900,SIMDEUM_901,SIMDEUM_902,SIMDEUM_903,SIMDEUM_904,SIMDEUM_905,SIMDEUM_906,SIMDEUM_907,SIMDEUM_908,SIMDEUM_909,SIMDEUM_910,SIMDEUM_911,SIMDEUM_912,SIMDEUM_913,SIMDEUM_914,SIMDEUM_915,SIMDEUM_916,SIMDEUM_917,SIMDEUM_918,SIMDEUM_919,SIMDEUM_920,SIMDEUM_921,SIMDEUM_922,SIMDEUM_923,SIMDEUM_924,SIMDEUM_925,SIMDEUM_926,SIMDEUM_927,SIMDEUM_928,SIMDEUM_929,SIMDEUM_930,SIMDEUM_931,SIMDEUM_932,SIMDEUM_933,SIMDEUM_934,SIMDEUM_935,SIMDEUM_936,SIMDEUM_937,SIMDEUM_938,SIMDEUM_939,SIMDEUM_940,SIMDEUM_941,SIMDEUM_942,SIMDEUM_943,SIMDEUM_944,SIMDEUM_945,SIMDEUM_946,SIMDEUM_947,SIMDEUM_948,SIMDEUM_949,SIMDEUM_950,SIMDEUM_951,SIMDEUM_952,SIMDEUM_953,SIMDEUM_954,SIMDEUM_955,SIMDEUM_956,SIMDEUM_957,SIMDEUM_958,SIMDEUM_959,SIMDEUM_960,SIMDEUM_961,SIMDEUM_962,SIMDEUM_963,SIMDEUM_964,SIMDEUM_965,SIMDEUM_966,SIMDEUM_967,SIMDEUM_968,SIMDEUM_969,SIMDEUM_970,SIMDEUM_971,SIMDEUM_972,SIMDEUM_973,SIMDEUM_974,SIMDEUM_975,SIMDEUM_976,SIMDEUM_977,SIMDEUM_978,SIMDEUM_979,SIMDEUM_980,SIMDEUM_981,SIMDEUM_982,SIMDEUM_983,SIMDEUM_984,SIMDEUM_985,SIMDEUM_986,SIMDEUM_987,SIMDEUM_988,SIMDEUM_989,SIMDEUM_990,SIMDEUM_991,SIMDEUM_992,SIMDEUM_993,SIMDEUM_994,SIMDEUM_995,SIMDEUM_996,SIMDEUM_997,SIMDEUM_998,SIMDEUM_999,SIMDEUM_1000
2,1,1,1,0,1,0,1,0,1,0,0,1,0,0,0,1,1,1,0,0,1,1,0,1,1,1,1,0,0,1,0,0,0,0,0,1,0,0,0,1,1,0,0,0,0,1,0,1,0,0,1,0,0,1,0,0,1,0,0,1,1,0,1,1,0,0,1,1,1,1,0,0,0,0,1,0,0,0,1,1,0,1,0,0,1,0,1,0,0,0,0,0,1,1,1,1,0,1,0,0,1,0,1,1,1,1,0,0,0,1,1,0,0,1,1,1,1,1,0,0,0,0,1,0,0,1,0,1,0,0,0,1,1,1,1,0,1,1,1,0,1,0,1,0,1,1,1,0,1,1,1,1,0,0,1,0,1,0,0,1,1,0,1,0,1,1,1,0,0,1,0,0,0,1,0,0,0,1,0,1,0,1,1,1,0,0,0,0,1,1,0,0,0,0,1,1,1,0,1,0,0,0,0,0,0,1,0,0,0,1,1,0,0,1,1,0,0,1,1,1,0,0,0,0,1,0,1,1,0,1,0,0,0,0,1,1,1,0,0,0,1,1,1,0,1,0,1,0,0,0,0,0,0,1,0,0,1,0,0,0,1,0,0,0,0,1,0,0,1,0,1,0,1,1,0,0,1,0,0,1,0,0,0,1,0,0,1,1,0,0,1,1,1,1,0,0,0,0,1,0,1,1,1,0,1,0,1,1,0,0,1,1,0,0,0,0,0,0,1,0,0,0,0,1,0,0,0,0,0,0,0,0,1,1,0,0,0,0,0,0,0,1,0,0,0,1,1,0,1,0,0,0,0,0,0,0,0,0,1,0,1,0,1,0,0,0,0,0,1,0,0,0,0,1,1,0,0,0,0,1,0,0,1,1,0,0,0,0,1,1,0,0,0,1,0,0,0,1,0,1,0,0,0,0,0,0,1,1,0,1,1,1,0,1,1,1,0,1,0,1,1,0,0,0,0,0,1,0,1,0,0,0,0,0,1,1,0,0,0,0,0,0,0,0,0,0,0,0,0,0,1,0,0,1,0,0,0,0,0,1,0,1,0,0,0,0,1,1,1,0,1,0,1,0,1,0,0,1,0,1,1,1,0,0,0,0,1,1,0,0,0,0,0,0,0,0,0,0,0,0,1,0,0,0,0,1,1,1,0,1,0,0,1,1,1,0,1,0,1,0,1,0,0,1,0,0,1,1,0,0,1,1,1,0,0,1,0,1,0,0,0,0,0,1,1,1,0,0,0,0,0,0,0,1,0,0,0,0,0,0,1,1,0,1,0,0,0,1,1,0,1,0,0,0,0,1,0,1,0,0,0,0,0,1,1,0,1,1,1,1,0,1,0,0,0,1,1,1,0,0,0,1,0,1,0,1,1,1,0,1,0,1,0,0,1,0,0,0,0,1,1,1,0,0,0,0,1,0,1,0,0,0,0,1,0,1,0,0,1,0,1,1,0,1,0,1,1,0,1,0,1,1,0,1,1,0,0,0,0,0,0,1,0,1,0,0,0,0,0,1,1,0,1,0,0,0,0,1,1,0,1,0,0,1,0,1,0,1,1,1,0,0,0,1,1,1,0,0,1,1,1,0,1,1,0,0,0,0,0,1,0,1,0,0,0,1,0,0,0,0,1,0,0,0,0,1,0,0,0,0,1,1,0,0,0,0,1,0,1,0,0,0,0,0,0,1,0,1,0,1,0,0,0,1,0,1,1,1,0,0,1,0,1,1,0,0,1,0,1,1,0,1,0,0,0,1,0,0,0,0,0,1,1,1,1,0,0,1,0,0,1,1,0,0,1,0,0,0,0,0,1,1,0,0,0,0,0,0,0,1,1,1,0,0,0,1,0,0,1,0,0,0,1,1,0,0,0,1,1,0,0,1,1,1,0,0,1,0,1,0,0,0,1,1,1,0,1,1,0,1,0,0,0,0,1,0,1,1,1,0,0,0,0,1,1,1,1,0,1,0,0,0,1,0,1,0,1,0,0,0,1,0,0,1,1,0,0,0,1,0,0,0,0,0,1,0,0,0,1,1,0,0,1,0,0,0,0,1,1,0,0,0,1,0,0,0,1,1,0,0,1,0,0,0,0,1,0,1,0,1,1,1,0,1,0,0,0,0,1,0,1,1,0,1,1,0,1,0,1,0,0,1,0,0,0,0,0,0,1,0,1,1,0,0,1,0,0,0,1,0,1,0,0,0,1,0,0,1,0,0,1,1,0,0,0,1,1,0,1,0,0,0,0,1,1,0,1,0,1,0
3,2,2,0,1,2,2,2,1,0,1,1,0,1,1,1,2,0,0,1,1,0,2,1,0,0,0,2,1,1,0,1,1,1,1,1,2,1,1,1,0,0,2,1,1,2,0,1,2,1,1,2,2,1,2,2,2,2,1,1,0,2,1,0,0,1,2,0,0,0,0,1,1,1,1,0,1,1,1,0,0,2,0,1,1,2,2,0,1,1,2,2,1,2,2,0,2,1,2,1,1,2,1,0,0,0,0,1,1,1,0,0,1,1,0,0,0,2,0,1,2,2,2,0,1,1,0,2,0,1,2,1,0,0,0,2,1,0,0,2,1,0,2,2,1,2,0,0,1,0,0,0,0,1,1,0,1,2,1,1,0,2,1,0,1,0,0,0,1,1,0,1,1,1,0,1,1,1,0,1,2,1,0,0,2,1,1,1,2,2,0,1,1,2,1,2,0,0,2,0,1,1,1,2,1,1,2,1,2,1,0,0,1,1,0,0,1,1,0,2,0,1,1,2,1,2,1,2,0,2,0,1,1,1,1,0,2,0,1,1,1,0,0,2,2,0,1,0,1,1,2,1,2,1,0,1,1,2,1,2,2,2,1,1,1,1,0,2,1,0,1,2,1,0,0,1,1,2,1,2,2,1,1,1,0,1,1,0,2,2,1,2,2,0,0,1,1,1,1,2,1,0,2,2,1,2,1,0,2,2,2,0,0,2,2,1,1,1,2,0,2,1,2,1,0,1,1,2,1,1,2,2,2,0,0,1,1,1,1,1,1,1,0,2,2,1,0,0,1,0,1,2,1,1,1,1,1,1,1,0,1,0,1,0,1,1,1,1,1,0,1,1,1,2,0,2,1,1,1,2,0,1,1,0,0,2,1,1,1,0,2,1,1,1,2,1,1,2,0,1,0,1,1,1,1,1,1,2,0,1,2,2,0,1,2,2,2,1,0,1,0,0,1,2,1,1,1,2,2,0,1,1,1,1,1,2,2,2,1,1,1,1,1,1,1,1,2,1,1,2,2,2,1,2,0,1,1,1,1,1,0,1,0,2,1,1,1,2,0,2,1,2,1,2,1,0,1,1,2,1,0,2,0,1,1,1,1,0,2,1,1,2,2,1,1,2,2,1,1,1,2,0,2,1,1,1,2,0,2,1,2,1,1,2,0,0,1,2,2,0,1,0,1,1,0,1,1,0,2,1,1,0,0,2,1,1,0,1,0,1,2,1,2,1,2,0,2,1,1,1,1,1,1,2,0,1,1,1,1,1,1,2,0,1,0,1,1,2,2,2,2,0,2,1,1,1,0,1,2,1,1,1,1,1,0,0,1,0,0,0,2,1,0,1,1,1,0,0,0,1,1,1,0,1,0,2,0,2,2,1,2,1,0,1,1,0,1,2,2,1,0,0,0,2,1,1,1,0,1,0,1,1,1,1,2,1,2,1,1,2,2,0,0,1,0,1,0,0,2,2,2,2,0,1,0,0,2,2,2,1,1,1,2,2,0,1,1,2,1,1,0,2,1,0,1,2,2,1,2,0,1,2,1,1,0,1,2,1,2,1,0,1,1,1,0,0,0,1,1,0,2,2,1,0,2,1,1,1,1,1,2,2,0,1,1,1,0,1,1,2,1,2,1,1,2,1,2,1,2,1,1,2,0,1,1,1,1,0,1,2,1,1,0,1,2,2,0,1,2,1,0,1,1,1,0,1,0,0,0,1,1,0,1,0,0,1,1,0,1,0,2,1,2,1,1,1,0,1,1,1,1,2,2,0,2,0,1,1,0,1,1,0,0,1,2,2,1,1,2,1,1,2,0,2,1,1,1,1,1,2,0,2,0,1,2,1,0,1,2,0,1,2,1,0,0,1,2,1,0,2,1,2,0,0,0,2,1,0,2,0,2,1,1,2,2,0,2,2,2,1,0,1,1,1,1,2,1,0,2,0,1,1,1,1,0,0,0,0,1,2,1,1,1,2,1,0,1,0,1,1,2,0,1,1,2,0,1,1,1,2,1,1,1,1,2,2,1,2,1,2,0,1,1,0,1,1,2,1,2,0,1,1,1,0,2,1,1,0,0,2,1,0,1,1,1,2,2,1,2,1,0,0,2,1,0,1,1,1,1,0,1,0,2,1,0,0,2,0,2,0,1,1,0,1,1,2,1,1,1,0,1,0,2,2,1,2,1,1,1,0,2,0,1,1,2,2,1,1,0,2,1,2,0,1,1,1,2,2,1,0,1,1,1,1,0,0,2,0,1,0,1
4,1,0,1,3,0,0,1,3,2,0,3,2,3,3,3,1,2,2,3,3,2,1,3,2,2,2,1,1,0,2,3,3,3,1,0,0,3,0,3,2,2,0,3,0,0,1,0,0,3,3,1,1,0,1,1,0,0,3,0,2,1,3,2,2,0,0,2,2,2,2,3,3,3,3,2,3,3,0,1,2,0,2,3,3,0,1,1,3,3,0,1,3,1,1,2,1,0,0,3,0,0,3,2,1,1,2,3,3,3,2,2,3,3,1,2,2,1,2,3,1,0,1,2,3,3,2,0,2,3,1,3,2,2,2,0,3,2,2,1,0,2,0,1,3,1,2,2,3,2,2,2,2,3,3,1,0,1,3,3,2,1,3,2,0,1,2,2,3,3,2,0,3,3,2,3,3,3,2,3,1,3,2,2,1,3,2,0,1,1,2,3,3,1,3,1,2,2,1,2,3,3,3,1,3,3,1,3,1,3,1,2,3,0,2,1,3,3,2,0,2,3,3,0,3,1,3,1,2,1,1,3,3,0,3,2,1,2,3,3,3,2,2,1,1,2,3,2,0,3,0,0,0,3,2,3,0,1,3,0,1,1,3,0,3,3,2,1,3,2,3,0,0,2,1,3,3,1,2,0,1,3,0,3,2,3,3,2,0,0,3,0,1,2,2,3,3,0,0,1,3,2,0,1,3,0,3,0,1,0,1,2,2,0,0,3,0,0,0,2,1,3,1,3,2,3,3,0,3,3,0,1,1,2,2,3,3,3,3,3,3,0,2,0,0,3,2,1,0,2,3,0,3,3,3,0,3,3,3,2,3,1,0,2,3,3,3,3,3,2,3,0,3,0,2,0,3,0,3,0,2,3,3,2,2,1,3,3,3,2,1,3,3,3,0,3,3,0,2,0,2,3,3,3,3,3,3,1,2,3,1,1,2,3,0,1,1,0,2,3,2,2,0,1,1,3,3,1,0,2,3,3,3,3,0,1,1,1,3,3,3,0,3,3,3,3,1,0,0,0,0,1,0,1,2,0,3,3,3,0,2,3,2,1,0,3,3,1,2,1,3,1,0,1,0,2,3,0,1,0,2,1,2,0,0,3,3,2,1,3,3,1,1,3,3,0,0,3,3,3,0,2,0,0,3,3,1,2,1,3,0,0,3,1,2,2,3,1,1,2,3,2,3,3,2,3,3,2,1,3,3,2,2,1,3,3,2,0,2,0,0,0,1,0,1,2,1,3,0,3,3,3,0,0,2,0,3,3,3,3,3,0,2,3,2,0,3,0,1,1,1,2,0,3,0,0,2,0,1,0,3,3,3,3,2,0,3,2,2,2,1,3,2,3,3,3,2,2,2,3,3,3,2,3,2,0,2,0,0,3,1,3,2,3,0,2,3,0,1,0,1,2,2,1,3,3,3,1,0,2,3,3,0,3,0,0,1,3,3,0,1,2,2,3,2,3,2,1,0,1,0,0,2,3,2,2,1,0,0,3,3,3,1,0,2,3,3,1,0,3,2,1,3,1,3,0,0,3,0,2,3,1,0,0,2,0,1,3,0,1,2,3,0,3,1,2,2,3,3,1,1,1,0,2,1,3,3,3,0,3,1,0,2,3,3,3,2,3,3,0,0,1,3,0,1,0,1,3,0,3,0,0,1,3,3,3,0,2,3,0,3,3,2,3,1,1,2,3,1,3,2,3,0,3,0,3,2,2,2,2,0,2,3,2,1,3,3,2,0,2,1,0,1,3,0,3,2,3,3,0,3,1,1,2,1,2,3,3,2,0,3,0,2,3,0,1,3,0,0,3,3,0,2,1,3,0,3,3,3,1,2,1,2,3,1,0,2,3,0,2,0,0,3,2,2,3,0,3,2,1,1,0,2,0,2,0,3,2,0,2,0,0,0,0,1,2,0,1,0,1,2,3,3,3,3,1,3,2,1,2,3,3,3,0,2,2,2,2,0,0,3,3,3,0,0,2,3,2,0,0,0,2,3,3,2,2,0,3,3,1,0,3,3,3,0,1,3,0,3,0,2,3,3,0,0,3,1,3,0,2,3,3,3,2,1,3,3,1,2,0,3,2,0,3,3,1,1,3,1,3,2,2,1,3,2,3,3,3,3,2,3,2,0,3,2,2,0,2,1,0,3,3,2,3,3,0,3,3,3,2,3,2,2,0,3,1,3,3,3,1,0,2,3,0,1,0,3,3,2,0,3,1,2,3,3,3,1,1,3,2,3,3,3,3,1,2,1,2,3,2,3
5,3,0,3,1,0,0,3,2,4,2,1,2,2,1,1,3,4,4,1,1,2,0,1,4,2,4,0,3,1,2,2,1,1,3,1,0,1,0,1,4,4,2,1,0,0,3,1,0,2,2,0,0,1,3,1,0,0,2,2,4,3,1,4,4,0,0,2,4,4,4,1,1,1,1,4,1,2,1,4,4,2,4,1,1,0,3,3,1,1,0,3,1,3,3,4,3,0,0,1,2,0,1,4,3,3,4,1,1,1,4,4,2,3,3,4,0,3,4,1,3,0,0,2,2,1,4,0,4,1,0,1,4,4,4,0,1,4,4,3,1,2,0,3,2,3,4,4,1,4,4,4,4,1,2,4,2,0,1,1,2,4,1,4,1,3,4,4,1,2,4,0,1,1,4,2,1,1,4,2,0,1,2,4,0,1,2,2,0,2,4,1,1,3,2,0,4,4,3,4,1,1,1,3,1,1,3,1,3,2,2,4,1,0,4,3,1,1,4,0,4,1,2,0,2,3,2,3,2,3,3,2,1,0,1,4,3,2,1,1,1,4,4,0,2,4,1,4,2,2,0,2,1,1,4,2,1,0,2,0,0,3,1,1,2,1,2,3,2,4,1,0,2,4,4,1,1,3,2,0,0,2,1,1,4,1,1,4,0,2,2,0,0,4,4,1,3,0,2,2,1,4,0,3,2,0,2,2,0,0,3,4,4,0,0,1,1,1,0,4,3,1,3,2,2,1,1,2,2,1,0,2,3,4,4,2,2,2,1,1,1,2,4,0,0,1,4,3,1,4,1,0,2,1,2,0,1,1,1,2,1,3,0,4,2,1,1,2,1,2,1,2,1,0,4,0,1,2,2,0,2,1,3,2,4,3,1,1,2,4,3,2,2,2,0,1,2,0,4,2,4,2,2,2,2,1,1,0,4,1,3,3,4,1,0,3,3,2,4,1,4,4,2,3,3,2,2,3,0,0,1,1,1,2,0,3,0,0,1,1,3,2,1,2,2,2,0,0,1,0,0,3,1,3,4,2,1,1,2,1,4,1,2,3,1,1,2,0,4,3,2,3,1,3,1,4,2,1,3,2,4,3,2,2,2,1,1,4,0,1,2,3,3,1,1,0,0,1,1,1,0,4,0,2,1,2,4,2,3,1,0,0,1,3,4,4,2,3,3,4,1,2,2,2,4,1,2,4,2,1,1,2,4,3,1,1,4,2,4,1,0,0,3,2,3,2,3,1,1,1,1,2,1,0,4,0,1,1,1,1,1,0,4,1,4,2,2,0,0,3,3,4,0,1,2,2,4,1,3,1,2,2,1,2,4,2,1,4,4,2,3,2,4,2,2,1,4,4,4,2,2,2,2,2,4,0,4,0,0,1,3,2,2,2,1,4,2,0,3,1,3,4,2,3,1,1,2,3,1,4,1,2,1,1,0,1,3,1,2,0,3,4,4,1,2,1,4,3,0,3,0,0,4,2,4,2,3,0,0,2,2,1,3,0,4,1,1,0,1,2,4,3,2,2,1,0,0,1,0,4,2,3,2,1,4,0,2,1,0,3,4,2,2,2,3,4,4,1,2,3,3,3,2,4,0,1,1,2,1,1,0,0,2,2,1,1,4,1,1,0,2,3,1,0,3,2,3,1,0,2,1,0,3,1,1,1,1,4,2,0,2,2,2,1,3,3,4,2,0,1,4,1,1,2,2,2,2,4,4,2,1,3,1,4,3,1,1,4,1,4,3,2,3,2,1,2,4,1,2,1,1,3,0,4,3,2,2,2,4,2,1,2,4,2,0,3,2,2,0,1,1,0,4,1,1,1,2,1,2,3,4,3,4,1,3,2,4,2,0,4,1,0,1,4,4,2,0,1,2,3,2,0,4,0,4,0,2,4,0,4,0,2,1,0,3,4,0,3,2,3,2,2,2,1,1,3,1,4,3,4,1,2,1,1,4,4,4,2,2,0,2,2,2,0,1,4,1,4,1,2,0,2,2,1,2,4,2,3,1,3,0,1,1,1,0,3,2,0,1,0,2,1,1,2,1,1,3,2,0,4,1,1,1,4,3,2,2,4,4,0,1,4,2,2,2,3,3,2,3,1,2,4,0,1,4,2,2,1,1,4,1,2,0,1,4,4,0,2,3,0,1,2,4,1,2,0,2,1,2,4,1,2,4,0,1,0,1,2,1,3,0,4,2,2,2,0,1,2,4,0,1,3,4,1,2,1,0,0,1,4,1,2,1,1,4,4,3,4,1,4,1
6,4,5,4,0,5,5,4,3,2,1,0,1,3,3,0,4,2,2,0,1,1,5,0,2,1,1,5,3,0,1,3,0,3,3,0,5,0,5,0,2,2,3,0,3,5,4,0,5,1,3,5,3,0,4,3,5,5,3,1,2,4,0,2,5,5,5,1,2,2,2,0,0,0,3,2,0,0,0,2,1,1,2,0,0,5,4,4,0,0,5,4,3,4,4,2,4,5,5,0,1,5,0,2,4,4,1,0,0,0,2,2,0,4,4,2,5,4,1,3,4,5,3,1,1,0,2,5,2,0,3,0,2,2,2,5,0,1,2,4,0,1,5,4,1,4,1,2,0,2,2,2,2,3,3,2,1,5,3,0,1,2,3,2,0,4,2,2,0,0,2,5,0,3,2,3,0,0,2,1,5,3,1,2,5,0,1,3,3,1,2,0,0,3,1,5,2,2,4,2,0,0,0,4,0,3,3,0,4,3,3,2,0,5,2,4,0,0,2,5,2,3,1,5,3,4,1,4,3,4,4,3,0,3,3,2,4,1,3,0,3,1,2,5,3,2,0,2,1,3,5,1,0,0,2,1,0,5,1,5,5,4,0,0,0,0,1,4,3,2,3,5,1,2,2,3,0,4,1,5,5,0,0,3,2,0,0,1,5,1,3,5,5,2,2,0,3,5,1,3,0,2,5,4,3,5,3,1,5,5,4,1,2,5,5,0,0,0,5,2,4,0,4,3,1,0,0,3,0,0,5,3,4,2,2,3,3,3,0,0,0,1,2,5,3,0,1,4,0,2,0,5,1,0,1,5,0,3,0,1,0,4,5,2,1,0,0,3,0,1,0,1,0,5,2,5,0,1,1,5,3,0,3,1,2,4,0,0,3,2,4,1,1,1,5,0,3,5,2,3,2,3,3,1,3,1,0,5,2,0,4,4,2,0,5,4,4,1,2,0,2,1,1,4,3,1,1,4,5,5,0,0,0,1,5,4,5,5,0,3,3,1,3,3,3,0,5,5,0,5,5,4,0,4,2,3,0,3,3,0,2,0,1,4,0,3,1,5,2,4,3,4,3,4,0,2,3,0,4,1,2,4,1,3,1,3,0,2,5,0,3,4,4,0,0,5,5,0,0,0,5,2,5,1,3,3,2,1,4,0,5,5,0,3,2,2,1,4,3,2,0,1,1,1,2,3,3,2,3,0,0,1,2,4,0,3,2,1,2,0,5,5,4,1,4,1,4,0,0,0,0,3,0,5,2,5,0,0,0,0,0,5,2,3,2,1,3,5,5,4,4,1,5,0,1,1,2,0,4,0,3,3,0,3,2,1,0,2,2,1,4,3,2,3,3,0,1,2,1,0,3,1,1,1,2,5,2,5,5,0,4,1,3,1,0,2,3,5,3,0,3,2,1,4,0,0,3,4,0,2,0,3,0,0,1,0,4,0,3,5,3,2,2,3,1,0,2,4,5,4,3,5,2,1,2,1,4,5,5,1,3,0,4,5,2,3,0,5,0,3,2,4,3,3,0,5,5,0,5,2,1,4,3,0,2,5,3,0,5,4,2,0,0,3,4,2,2,0,3,4,3,4,3,2,5,0,0,1,0,0,5,5,1,3,0,0,2,0,0,3,1,4,0,5,4,1,4,0,5,1,0,5,3,0,0,0,0,1,3,5,3,3,1,0,4,4,2,3,5,0,2,0,0,3,1,3,1,2,2,1,0,2,1,2,4,0,0,2,0,2,4,3,4,0,3,0,2,0,1,0,0,4,5,2,4,1,3,3,2,3,0,1,2,3,5,4,3,1,5,0,0,5,2,3,0,0,3,0,3,4,2,4,2,3,3,3,2,1,5,1,0,5,0,2,2,1,5,0,3,4,3,5,1,5,2,5,3,2,5,2,5,1,3,5,4,2,5,4,3,3,1,3,3,0,0,4,0,2,4,2,0,3,0,0,2,2,2,1,1,5,3,1,1,5,0,2,0,1,1,1,5,1,3,0,3,2,3,3,3,4,5,3,0,0,5,4,3,5,0,5,1,3,0,1,3,0,4,3,5,1,0,0,0,2,4,3,1,2,2,5,0,1,1,3,1,3,4,1,4,0,1,2,5,0,2,1,0,0,3,2,0,3,5,0,2,2,5,1,3,5,3,1,1,3,0,5,3,1,3,1,0,1,2,5,0,5,0,1,3,4,5,2,3,1,3,5,0,0,2,5,0,4,2,3,1,0,5,5,0,2,0,1,0,3,2,1,4,2,0,2,0
7,5,4,3,1,4,1,5,3,4,0,6,4,3,3,6,5,2,2,6,0,0,5,6,2,0,0,5,3,6,0,3,6,6,3,1,4,6,1,6,4,2,3,6,3,1,5,1,1,0,3,4,5,1,5,3,1,4,3,0,2,5,6,4,4,1,1,0,4,2,2,6,6,6,3,2,6,6,1,5,2,0,2,6,6,1,5,2,6,6,1,5,3,5,4,2,5,1,4,3,0,4,6,4,2,2,4,6,6,6,4,4,6,6,2,2,4,5,0,3,5,1,5,0,0,6,2,1,2,6,3,6,2,2,2,4,6,0,4,5,1,0,1,5,3,5,0,2,6,4,2,4,2,3,3,2,0,4,3,6,0,4,3,2,1,5,4,4,6,6,2,1,6,3,2,3,6,6,4,0,5,3,0,4,5,6,0,3,3,0,2,1,6,5,0,5,4,0,5,2,6,0,6,5,6,1,3,6,5,3,3,4,6,1,2,5,6,6,2,4,2,3,0,1,3,5,0,5,3,5,2,3,6,1,6,4,5,0,3,6,3,0,4,5,3,2,6,4,0,3,1,0,1,6,2,0,6,5,0,1,5,5,6,1,6,6,3,5,3,2,3,4,0,2,2,3,6,5,0,1,5,6,1,3,2,6,6,0,1,1,3,4,5,4,4,6,3,1,0,3,6,2,1,5,3,4,3,0,5,1,5,0,4,1,1,6,1,1,1,4,5,6,5,3,0,6,6,3,6,6,1,3,5,2,2,3,3,3,1,6,6,1,4,1,3,6,0,3,1,2,6,1,3,6,0,1,6,3,6,0,6,2,1,2,0,6,6,3,6,0,6,0,6,1,4,4,6,0,0,1,3,6,3,0,2,5,6,6,3,4,5,0,0,0,1,6,3,1,2,1,4,3,3,0,3,0,6,5,4,6,5,5,4,6,4,5,5,0,4,6,4,0,0,5,3,0,0,5,1,4,6,6,6,3,1,5,4,1,6,3,3,0,3,3,3,6,1,1,1,1,1,5,1,3,4,3,6,3,3,6,4,6,0,5,1,3,0,4,2,5,3,5,1,5,1,2,3,1,5,0,2,5,0,3,0,3,6,2,4,6,3,5,5,6,6,1,1,6,6,6,1,2,5,0,3,3,5,0,5,6,4,1,6,3,2,4,0,5,5,2,6,0,0,0,2,1,3,2,3,6,6,0,4,5,6,3,4,1,0,1,1,1,5,0,5,0,5,6,1,6,6,3,1,1,2,1,6,6,6,1,6,1,4,3,2,0,3,1,5,5,5,0,1,6,0,0,2,1,5,1,3,3,6,3,2,0,6,2,2,0,5,3,2,3,6,6,0,2,0,6,3,0,0,0,2,1,4,5,4,6,5,3,3,6,1,4,3,1,3,6,3,4,0,5,6,6,3,2,1,2,6,3,1,6,0,1,5,6,3,4,3,2,0,3,3,6,2,5,1,5,3,4,2,0,4,0,5,1,1,3,3,6,5,1,4,3,6,5,6,3,2,5,3,3,6,1,1,6,4,2,0,5,1,1,2,1,3,6,4,3,4,6,0,3,5,0,2,6,3,2,5,5,1,2,5,6,6,0,1,6,5,1,4,3,6,6,2,6,6,1,0,5,6,1,5,0,5,6,1,3,1,4,3,6,1,6,0,0,3,5,3,3,0,6,5,5,0,3,4,6,4,6,1,3,0,3,0,4,2,0,6,2,0,4,5,6,6,4,6,4,5,3,5,6,1,6,4,6,0,1,6,5,5,2,5,2,3,3,4,3,6,0,0,3,1,5,3,0,1,6,6,4,4,1,6,1,3,6,3,5,2,4,4,3,1,3,2,0,1,0,1,1,6,4,4,0,1,6,3,5,3,1,0,4,2,1,3,4,1,2,1,1,3,4,5,2,1,5,3,3,0,3,3,6,6,5,6,4,5,2,6,3,6,1,2,2,0,0,0,1,3,0,0,5,1,2,6,0,0,0,1,0,3,6,3,2,1,3,3,5,1,3,6,6,1,5,3,1,6,4,0,1,6,0,1,6,5,3,4,0,6,6,6,4,5,3,3,2,2,1,6,0,0,3,0,3,5,0,5,6,0,2,5,6,2,0,6,1,3,4,6,3,4,6,4,2,1,0,3,0,3,0,0,3,6,1,3,0,3,0,6,3,4,1,6,5,6,0,3,2,4,2,3,0,3,5,6,6,4,1,6,5,4,3,0,6,5,4,6,2,6,0,6,6,2,0,5,2,6,4,6
8,4,1,4,6,1,6,4,4,7,3,0,3,0,0,6,2,7,7,6,3,3,1,6,7,3,5,2,4,6,5,0,0,0,4,6,1,6,6,0,7,5,4,0,4,1,2,6,1,3,4,1,4,6,4,4,6,1,0,3,7,2,0,7,7,6,1,3,7,7,7,6,0,0,0,5,6,0,6,7,5,3,7,6,0,1,2,5,6,6,1,2,4,2,1,5,2,6,1,0,3,1,0,7,2,2,1,0,6,0,1,7,0,0,5,7,1,2,3,0,2,1,4,3,3,0,5,6,7,0,4,0,7,5,7,1,0,7,7,2,6,3,1,4,4,2,3,5,0,7,7,7,5,4,3,2,3,1,6,6,3,1,4,7,6,2,7,7,6,0,5,6,6,6,5,0,6,6,7,3,2,4,3,7,4,6,3,6,4,3,5,6,6,4,3,1,7,7,4,5,6,6,0,2,6,4,4,6,2,4,4,7,6,6,5,5,6,6,7,1,7,0,3,1,0,2,3,2,4,2,2,4,6,4,0,1,2,3,0,6,0,3,7,2,4,5,6,7,3,0,6,3,6,6,7,3,6,2,3,6,2,4,0,6,0,6,4,2,4,7,6,1,3,7,5,0,0,2,3,1,2,0,6,0,5,0,0,3,1,3,4,1,2,7,7,3,0,6,3,4,6,5,1,2,3,1,4,3,1,1,4,5,7,1,1,0,6,6,1,7,4,6,2,0,3,6,6,4,6,6,2,4,2,5,5,0,4,0,6,6,0,6,7,6,4,0,3,5,6,5,0,1,3,0,3,6,0,0,6,3,6,5,3,5,3,6,0,4,6,3,0,3,6,2,7,1,6,3,3,1,4,0,0,3,5,4,0,0,0,7,2,3,3,3,1,6,0,2,5,6,7,4,0,3,4,3,3,4,7,0,2,2,1,6,1,2,2,3,7,6,7,3,3,4,4,3,3,2,6,1,0,6,6,5,6,2,1,2,6,0,0,3,4,4,4,0,2,6,6,6,1,2,6,4,7,4,6,0,0,6,1,6,3,2,6,0,3,1,5,2,0,2,6,2,6,5,4,6,4,3,7,2,3,6,3,0,0,7,1,0,4,2,4,0,6,1,2,6,6,0,1,7,2,3,4,0,7,4,2,6,1,6,6,4,5,7,3,2,2,5,0,3,3,3,5,6,0,7,4,6,6,5,7,2,0,0,7,4,7,6,6,6,2,3,2,3,1,6,6,0,0,0,6,1,7,6,0,6,6,6,0,1,5,0,5,3,0,3,1,2,2,5,6,0,3,3,5,6,2,6,4,4,6,4,7,3,6,7,7,3,2,0,7,4,0,0,5,7,3,3,4,3,3,3,7,6,7,1,1,0,2,0,4,0,6,1,0,6,4,6,5,7,3,4,6,0,4,5,6,7,6,4,6,0,3,6,4,6,0,1,4,7,7,4,5,6,7,5,2,4,4,1,7,0,7,3,2,1,4,5,0,6,2,1,7,0,6,2,6,4,7,2,0,4,6,6,4,0,1,5,0,2,6,6,5,3,4,6,1,5,7,3,3,0,4,5,7,6,4,5,4,2,4,5,2,0,0,3,6,6,1,6,3,4,6,0,7,6,6,4,3,2,6,6,2,3,2,6,2,3,6,1,5,0,6,6,6,5,4,1,6,0,3,0,4,2,7,0,4,6,1,0,6,4,3,0,3,7,5,3,6,4,3,7,5,0,6,7,6,7,4,4,2,0,6,0,7,0,3,6,0,2,2,7,2,5,0,4,7,3,0,3,7,4,3,2,4,3,6,0,6,1,7,4,0,6,0,6,4,2,5,4,7,0,4,3,5,3,6,3,6,2,6,7,7,3,1,6,4,2,4,1,7,1,5,1,0,7,1,5,1,3,4,1,2,5,1,2,4,4,3,4,0,0,0,4,0,1,1,7,0,0,0,6,7,7,7,3,3,4,4,0,3,1,6,7,0,3,3,3,1,3,0,6,4,5,4,4,0,2,6,6,6,0,1,2,4,6,6,1,3,6,6,3,6,0,2,0,1,5,6,0,6,7,2,0,0,7,7,6,6,5,3,0,3,4,2,3,2,0,3,5,2,0,5,3,6,6,4,7,6,4,1,6,7,5,1,3,4,3,4,3,7,0,0,1,0,3,0,3,0,4,1,1,0,1,0,3,4,5,1,7,4,3,4,2,6,0,1,6,6,2,7,0,3,6,2,1,0,5,6,0,0,6,7,5,2,7,0,7,6
9,6,5,3,4,5,7,6,1,2,4,0,2,0,0,4,6,8,8,4,4,3,5,4,2,3,3,7,1,4,3,0,0,0,1,4,5,4,4,0,2,8,1,0,1,7,6,4,7,4,1,5,1,4,5,1,7,5,1,4,8,6,0,2,2,4,7,1,5,8,8,4,0,0,1,3,4,4,4,6,3,4,8,0,0,7,6,3,4,4,7,6,1,6,5,8,6,7,5,0,4,5,0,2,8,8,5,0,0,0,5,2,0,0,3,8,5,6,3,0,6,7,1,3,4,0,8,7,8,0,1,0,8,8,8,2,0,2,2,6,4,3,7,6,1,5,3,3,0,2,8,2,8,1,1,8,4,5,1,0,3,5,1,8,4,6,8,2,4,4,8,4,4,4,3,1,0,0,5,4,7,1,2,8,5,0,3,1,1,6,8,0,4,6,3,7,2,3,6,8,0,4,0,6,4,1,1,0,6,1,1,2,0,4,3,6,4,4,8,5,8,0,4,7,0,6,3,6,1,6,6,1,0,1,1,5,6,2,1,0,0,2,5,7,1,3,4,2,2,1,7,4,4,4,8,4,4,7,3,7,7,6,0,4,0,0,1,6,1,8,1,5,4,3,8,0,0,6,3,7,6,4,4,1,8,0,0,3,7,4,1,5,6,2,2,4,0,2,4,1,4,3,7,6,1,5,1,4,5,7,6,3,8,7,7,0,4,4,7,5,6,4,6,3,2,0,0,1,4,4,7,1,6,8,3,0,1,1,4,0,0,4,2,7,1,0,2,3,4,8,0,7,3,0,3,4,0,0,0,3,4,6,4,8,3,4,0,1,4,3,0,4,4,7,2,2,4,4,4,7,1,0,0,3,8,6,0,0,0,2,6,3,3,3,7,4,1,7,8,4,2,1,3,3,1,4,4,1,2,0,6,6,5,0,5,6,6,4,2,4,5,2,4,6,1,4,4,6,7,2,0,4,4,3,4,6,5,7,0,0,6,1,1,1,1,0,7,4,4,7,7,6,4,6,8,1,4,0,0,4,5,1,3,6,4,1,4,5,3,6,1,6,4,6,4,8,1,4,6,4,8,6,3,4,4,1,4,8,5,0,1,6,6,0,4,7,7,4,0,0,7,8,7,4,1,1,2,3,6,4,5,4,4,1,5,8,3,6,6,2,0,3,3,4,8,4,1,8,1,4,0,3,2,5,4,0,5,1,2,4,7,4,6,4,6,3,5,4,4,0,4,0,7,7,8,4,0,4,4,4,0,7,3,1,8,4,3,4,5,6,6,3,7,0,4,4,8,4,6,7,1,1,0,1,8,4,4,8,8,3,6,0,8,1,4,0,3,8,2,4,1,4,3,4,8,7,2,7,5,0,6,3,1,4,4,5,1,7,6,4,3,2,3,6,4,0,1,3,4,2,4,1,4,0,4,7,6,4,0,5,6,8,2,1,3,4,8,5,7,5,1,5,8,0,2,3,6,7,7,3,1,4,6,4,2,1,0,7,4,1,2,6,3,3,4,7,7,0,2,8,0,6,4,4,8,4,1,4,5,6,5,4,4,0,6,8,8,4,1,6,1,6,1,3,7,0,0,4,4,4,5,7,5,1,4,0,8,4,0,1,4,6,4,7,6,4,6,4,7,1,4,5,3,4,4,4,4,3,1,7,1,0,2,0,6,6,8,3,5,0,5,0,4,1,4,3,3,2,8,3,4,1,4,2,6,0,4,2,4,8,6,1,6,4,7,0,2,0,3,4,0,7,7,8,6,3,1,1,5,4,0,2,3,1,4,6,1,4,7,0,0,2,2,1,0,7,3,4,1,6,3,5,2,1,1,1,8,4,4,3,7,7,4,5,2,4,7,0,1,6,1,7,2,5,3,7,0,2,7,8,7,4,1,5,6,8,7,6,2,1,3,1,0,0,0,6,0,5,5,8,0,0,0,4,8,8,2,3,4,2,1,3,4,5,4,8,0,3,4,4,7,3,3,0,1,3,4,0,0,6,7,1,4,0,7,6,1,7,0,5,3,4,4,2,1,0,6,0,5,3,4,0,0,2,6,1,3,8,8,7,4,3,4,0,3,1,6,4,6,0,2,8,7,0,8,1,4,4,1,2,0,1,5,4,2,8,7,3,1,2,1,4,2,0,4,7,1,4,1,2,0,3,5,4,0,5,0,4,1,6,5,8,1,4,1,7,4,4,5,7,4,6,2,0,3,4,6,5,0,8,4,3,0,1,8,3,6,8,0,2,4
10,3,3,1,0,3,7,9,5,2,9,0,2,4,5,4,6,8,8,0,9,9,3,9,2,1,8,6,5,0,1,5,4,0,5,7,3,0,7,0,2,1,9,0,5,7,6,9,7,9,5,3,5,7,3,5,7,3,4,9,8,6,0,2,2,9,7,2,3,8,8,9,4,0,4,1,4,4,0,6,1,9,8,0,0,7,6,1,0,0,7,6,5,6,3,8,6,7,3,4,9,3,4,2,8,8,3,0,0,0,3,2,4,0,1,8,3,6,9,4,6,7,5,9,9,0,8,7,2,0,5,0,8,8,8,3,0,2,8,6,7,9,7,5,4,6,2,1,0,2,8,2,1,5,4,8,9,3,4,0,2,3,5,8,7,6,8,2,0,4,8,7,4,5,1,4,0,0,3,4,6,5,2,8,3,0,9,4,5,9,8,0,4,5,9,6,8,2,5,8,0,9,0,6,0,5,5,0,6,4,2,2,0,7,1,1,0,0,8,3,8,5,9,7,5,6,9,6,2,6,6,5,0,5,4,3,6,2,5,0,4,2,3,6,5,2,0,2,2,4,7,9,7,0,8,4,9,6,9,7,7,6,0,7,4,0,2,6,4,8,5,9,9,2,8,5,0,6,9,7,6,4,7,5,8,0,0,1,7,9,5,3,6,3,2,9,5,2,9,5,0,1,7,6,4,3,5,9,3,7,5,1,8,7,7,4,7,9,7,3,5,0,6,4,2,0,0,5,9,0,7,5,5,8,1,4,5,4,9,0,0,9,2,7,5,0,9,1,9,8,0,7,9,0,4,7,0,5,0,4,0,1,9,8,9,0,0,5,0,2,4,9,0,7,2,2,0,9,9,7,2,0,5,9,8,5,0,0,4,2,6,9,9,9,7,9,4,7,1,4,2,4,5,4,4,9,9,2,2,0,6,6,3,0,3,6,6,9,2,0,3,2,9,5,5,9,9,6,7,3,0,0,0,1,7,6,3,7,0,5,5,9,5,5,5,4,7,7,7,7,7,6,9,1,8,4,4,5,4,9,3,0,3,6,7,5,4,3,1,6,4,6,9,6,7,8,4,7,5,9,8,6,2,9,9,5,4,8,3,0,5,6,5,0,9,7,7,0,0,0,7,8,7,9,5,4,2,2,6,0,3,7,0,5,1,8,4,6,5,1,0,2,4,9,8,9,4,8,5,0,0,1,2,6,4,4,3,9,2,7,7,7,6,9,6,2,3,0,7,0,0,4,7,7,8,9,0,0,0,0,0,7,1,5,1,9,4,9,3,6,6,1,7,0,9,9,8,9,6,7,5,5,0,5,2,9,0,2,8,9,6,4,8,4,9,0,1,2,2,4,5,9,3,9,8,7,2,6,3,0,6,1,2,9,7,3,4,7,5,9,1,2,9,5,0,0,5,1,7,2,0,5,7,4,9,7,5,9,4,3,5,8,2,5,1,0,8,3,7,3,5,3,8,4,2,2,6,7,7,1,4,4,6,9,2,4,0,6,0,4,2,6,1,1,4,7,7,0,2,1,4,6,7,7,8,9,5,0,3,1,3,9,9,4,6,9,8,0,4,1,5,6,9,1,6,0,0,9,9,0,3,7,3,4,0,0,8,0,0,5,9,6,4,7,6,9,6,9,7,4,9,3,1,0,7,0,9,1,4,6,4,4,2,0,5,5,8,4,3,0,3,0,7,5,9,4,2,2,8,9,9,1,9,8,1,0,0,2,9,8,5,9,6,9,5,4,2,4,4,7,0,6,6,8,6,1,4,5,3,9,0,9,2,4,9,6,5,9,7,5,0,2,2,5,0,7,4,9,5,6,1,3,2,5,5,9,8,9,9,1,0,7,9,3,2,9,7,0,2,6,5,7,2,3,1,7,4,3,7,8,7,9,5,3,6,8,7,6,2,5,9,4,4,4,0,3,0,3,3,8,0,4,0,7,8,8,2,9,9,2,5,4,9,3,7,8,0,2,9,9,7,1,9,0,2,1,9,5,5,6,7,5,0,0,7,6,4,7,0,3,1,5,0,2,5,0,6,4,3,1,0,0,0,2,6,4,1,8,2,7,0,1,9,4,9,5,6,9,6,0,2,1,6,0,8,4,4,4,5,2,0,5,3,0,8,8,7,9,5,2,5,9,2,4,4,7,4,9,4,2,0,1,3,7,0,3,0,9,5,1,3,8,4,9,5,6,9,4,3,7,0,6,2,4,9,9,6,3,0,8,0,9,0,5,8,1,6,2,0,8,0
